{
    "reentrant_2.yaml": {
        "PATHWISE_B1": {
            "mean": 14.906839752197266,
            "std": 1.7991286329146519
        },
        "SPSA_B10": {
            "mean": 13.714743423461915,
            "std": 0.5639002592941721
        },
        "SPSA_B100": {
            "mean": 13.436057853698731,
            "std": 0.9382387966454029
        },
        "SPSA_B1000": {
            "mean": 13.285263061523438,
            "std": 1.002021414876632
        }
    },
    "reentrant_3.yaml": {
        "PATHWISE_B1": {
            "mean": 19.529100036621095,
            "std": 1.326665811660462
        },
        "SPSA_B10": {
            "mean": 20.370520782470702,
            "std": 0.9729322124871626
        },
        "SPSA_B100": {
            "mean": 19.058877563476564,
            "std": 2.0936411414003557
        },
        "SPSA_B1000": {
            "mean": 20.86288948059082,
            "std": 1.1881692718714447
        }
    },
    "reentrant_4.yaml": {
        "PATHWISE_B1": {
            "mean": 26.902578353881836,
            "std": 1.8245873733245388
        },
        "SPSA_B10": {
            "mean": 24.036992645263673,
            "std": 1.415975953188362
        },
        "SPSA_B100": {
            "mean": 25.72667007446289,
            "std": 2.0866210441746094
        },
        "SPSA_B1000": {
            "mean": 27.942011260986327,
            "std": 2.6396839804283814
        }
    },
    "reentrant_5.yaml": {
        "PATHWISE_B1": {
            "mean": 31.59450569152832,
            "std": 2.1682549227299925
        },
        "SPSA_B10": {
            "mean": 28.95456008911133,
            "std": 2.294981299586728
        },
        "SPSA_B100": {
            "mean": 30.765893936157227,
            "std": 4.508030830427752
        },
        "SPSA_B1000": {
            "mean": 65.44163208007812,
            "std": 0.5522271146219713
        }
    },
    "reentrant_6.yaml": {
        "PATHWISE_B1": {
            "mean": 38.58692245483398,
            "std": 4.290140317038877
        },
        "SPSA_B10": {
            "mean": 31.832978439331054,
            "std": 5.173694389922257
        },
        "SPSA_B100": {
            "mean": 34.77904586791992,
            "std": 4.191534537733117
        },
        "SPSA_B1000": {
            "mean": 66.30745544433594,
            "std": 0.4467381385997207
        }
    },
    "reentrant_7.yaml": {
        "PATHWISE_B1": {
            "mean": 44.0770980834961,
            "std": 1.5817723590147925
        },
        "SPSA_B10": {
            "mean": 35.108363723754884,
            "std": 2.8210712387886936
        },
        "SPSA_B100": {
            "mean": 39.59317855834961,
            "std": 3.8329841543559384
        },
        "SPSA_B1000": {
            "mean": 106.01898498535157,
            "std": 27.703597024220603
        }
    },
    "re-reentrant_2.yaml": {
        "PATHWISE_B1": {
            "mean": 14.814357566833497,
            "std": 1.7183149449242536
        },
        "SPSA_B10": {
            "mean": 14.220191383361817,
            "std": 1.2693963042667233
        },
        "SPSA_B100": {
            "mean": 12.972889709472657,
            "std": 1.3283162465568483
        },
        "SPSA_B1000": {
            "mean": 13.727831268310547,
            "std": 1.009137778023117
        }
    },
    "re-reentrant_3.yaml": {
        "PATHWISE_B1": {
            "mean": 19.810589218139647,
            "std": 1.370835798511376
        },
        "SPSA_B10": {
            "mean": 19.415766525268555,
            "std": 1.6520666561466373
        },
        "SPSA_B100": {
            "mean": 18.308284187316893,
            "std": 1.7838411206725082
        },
        "SPSA_B1000": {
            "mean": 18.530028533935546,
            "std": 1.658090124943056
        }
    },
    "re-reentrant_4.yaml": {
        "PATHWISE_B1": {
            "mean": 29.73227729797363,
            "std": 1.6935675372040746
        },
        "SPSA_B10": {
            "mean": 22.052547454833984,
            "std": 1.4766590340275636
        },
        "SPSA_B100": {
            "mean": 23.219435119628905,
            "std": 1.891468234483912
        },
        "SPSA_B1000": {
            "mean": 23.62353515625,
            "std": 1.4588399172884468
        }
    },
    "re-reentrant_5.yaml": {
        "PATHWISE_B1": {
            "mean": 32.90862884521484,
            "std": 2.581035220297698
        },
        "SPSA_B10": {
            "mean": 27.18458023071289,
            "std": 2.2602923480985386
        },
        "SPSA_B100": {
            "mean": 27.6971378326416,
            "std": 2.1363874076998255
        },
        "SPSA_B1000": {
            "mean": 36.37696228027344,
            "std": 14.371918748983079
        }
    },
    "re-reentrant_6.yaml": {
        "PATHWISE_B1": {
            "mean": 39.11436080932617,
            "std": 3.3614089678370753
        },
        "SPSA_B10": {
            "mean": 31.01633987426758,
            "std": 0.7053816649687903
        },
        "SPSA_B100": {
            "mean": 35.252005386352536,
            "std": 3.171324754628307
        },
        "SPSA_B1000": {
            "mean": 46.54659080505371,
            "std": 14.81320987716715
        }
    },
    "re-reentrant_7.yaml": {
        "PATHWISE_B1": {
            "mean": 41.35097885131836,
            "std": 2.873155915134781
        },
        "SPSA_B10": {
            "mean": 31.726575088500976,
            "std": 1.6800826572183556
        },
        "SPSA_B100": {
            "mean": 36.65490798950195,
            "std": 2.839706801880701
        },
        "SPSA_B1000": {
            "mean": 64.04814910888672,
            "std": 0.470523585411036
        }
    }
}