{
  "sPR": {
    "gt_norm": 267.3109130859375,
    "pathwise_mean": 0.9999999940395355,
    "pathwise_std": 1.7881393432617187e-08,
    "reinforce_mean": 0.04000000476837158,
    "reinforce_std": 0.9991996509197119,
    "pathwise_samples": [
      1.0,
      0.9999999403953552,
      1.0,
      1.0,
      1.0,
      1.0,
      1.0,
      1.0,
      1.0,
      1.0,
      1.0,
      1.0,
      1.0,
      1.0,
      0.9999999403953552,
      0.9999999403953552,
      1.0,
      1.0,
      1.0,
      1.0,
      1.0,
      1.0,
      0.9999999403953552,
      1.0,
      1.0,
      1.0,
      1.0,
      1.0,
      1.0,
      1.0,
      1.0,
      1.0,
      1.0,
      1.0,
      1.0,
      1.0,
      1.0,
      1.0,
      0.9999999403953552,
      1.0,
      1.0,
      1.0,
      1.0,
      1.0,
      1.0,
      1.0,
      1.0,
      1.0,
      1.0,
      1.0
    ],
    "reinforce_samples": [
      1.0,
      0.9999998807907104,
      -0.9999998807907104,
      1.0,
      -1.0,
      -1.0,
      1.0,
      1.0,
      -1.0,
      1.0,
      -1.0,
      1.0,
      1.0,
      -0.9999998807907104,
      0.9999999403953552,
      -1.0,
      -1.0,
      0.9999998807907104,
      -0.9999999403953552,
      -1.0,
      1.0,
      -0.9999999403953552,
      -0.9999998807907104,
      1.0,
      1.0,
      1.0,
      1.0,
      -0.9999999403953552,
      1.0,
      0.9999999403953552,
      -1.0,
      -1.0,
      1.0,
      -1.0,
      0.9999999403953552,
      1.0,
      -1.0,
      -1.0,
      -0.9999999403953552,
      -0.9999999403953552,
      1.0,
      -0.9999998807907104,
      1.0,
      1.0,
      0.9999999403953552,
      -0.9999999403953552,
      -1.0,
      -1.0,
      1.0,
      0.9999998807907104
    ]
  },
  "sMW": {
    "gt_norm": 140.43519592285156,
    "pathwise_mean": -0.5533282271027565,
    "pathwise_std": 0.1776734158936251,
    "reinforce_mean": -0.002091996967792511,
    "reinforce_std": 0.46165084443120696,
    "pathwise_samples": [
      -0.48960211873054504,
      -0.2820894718170166,
      -0.5537029504776001,
      -0.6249033212661743,
      -0.4408154785633087,
      -0.5408294200897217,
      -0.31700506806373596,
      -0.453324556350708,
      -0.38109585642814636,
      -0.5352135300636292,
      -0.5262516736984253,
      -0.7592053413391113,
      -0.816533088684082,
      -0.3286980092525482,
      -0.7783527374267578,
      -0.5020134449005127,
      -0.47921112179756165,
      -0.7768188714981079,
      -0.5302953720092773,
      -0.9250619411468506,
      -0.5467859506607056,
      -0.8397186398506165,
      -0.6358855366706848,
      -0.6320422291755676,
      -0.7773183584213257,
      -0.6213235259056091,
      -0.5678237676620483,
      -0.39310458302497864,
      -0.4818926155567169,
      -0.41603708267211914,
      -0.5959473252296448,
      -0.8085489273071289,
      -0.4172624945640564,
      -0.6412928104400635,
      -0.4728758931159973,
      -0.29088568687438965,
      -0.44547080993652344,
      -0.2081119269132614,
      -0.8040124177932739,
      -0.738459587097168,
      -0.4263736605644226,
      -0.4853511452674866,
      -0.3576870858669281,
      -0.691412091255188,
      -0.20982688665390015,
      -0.8529155850410461,
      -0.8029729127883911,
      -0.4674326777458191,
      -0.5956149697303772,
      -0.4010007977485657
    ],
    "reinforce_samples": [
      -0.17156733572483063,
      0.1945573389530182,
      -0.019997507333755493,
      -0.15472468733787537,
      0.2431776225566864,
      -0.8485699892044067,
      -0.7892246246337891,
      0.21100883185863495,
      0.011080712080001831,
      0.2945610284805298,
      -0.17479905486106873,
      0.02046532928943634,
      -0.15578599274158478,
      -0.6309666633605957,
      0.5316312313079834,
      0.6064177751541138,
      -0.42207080125808716,
      0.5760486125946045,
      -0.2127304971218109,
      -0.7501777410507202,
      -0.2623633146286011,
      0.39497777819633484,
      -0.7744183540344238,
      -0.009500205516815186,
      -0.5259732007980347,
      0.3122187852859497,
      0.2896157503128052,
      -0.3100995123386383,
      0.5338388681411743,
      -0.7704006433486938,
      0.3962753415107727,
      -0.07483695447444916,
      0.7207029461860657,
      0.4517674446105957,
      -0.1745920330286026,
      0.44414928555488586,
      0.7727988362312317,
      -0.22811880707740784,
      -0.18124614655971527,
      -0.3756861686706543,
      -0.27433979511260986,
      0.14998650550842285,
      0.40237343311309814,
      -0.5997522473335266,
      0.6777468919754028,
      -0.20041561126708984,
      0.7968297004699707,
      -0.06151494383811951,
      0.6632104516029358,
      -0.646167516708374
    ]
  }
}