{"test_cost": [2020.8944091796875, 2018.3302001953125, 2026.8497314453125, 2006.8720703125, 2022.60888671875, 2043.939208984375, 2049.302490234375, 2051.14013671875, 2055.07080078125, 2053.8154296875, 2035.2210693359375, 2009.18701171875, 1989.5859375, 1978.712158203125, 1952.3543701171875, 1927.30517578125, 1902.7666015625, 1885.2401123046875, 1851.40283203125, 1806.78125, 1773.7337646484375, 1742.94482421875, 1719.7012939453125, 1695.963134765625, 1673.3414306640625, 1634.13623046875, 1605.4927978515625, 1576.0712890625, 1546.520263671875, 1511.234375, 1467.1292724609375, 1440.2691650390625, 1410.5777587890625, 1384.254638671875, 1357.7244873046875, 1343.05029296875, 1333.0712890625, 1330.33544921875, 1324.2769775390625, 1305.0609130859375, 1301.7662353515625, 1286.7305908203125, 1273.478759765625, 1237.5965576171875, 1231.415771484375, 1212.2618408203125, 1197.6572265625, 1172.3740234375, 1154.532470703125, 1139.0101318359375, 1128.653076171875, 1127.2952880859375, 1118.931884765625, 1117.8084716796875, 1091.607177734375, 1088.76953125, 1071.638916015625, 1073.0220947265625, 1052.328369140625, 1043.027099609375, 1035.3773193359375, 1027.1881103515625, 1007.85986328125, 1003.4739990234375, 981.7424926757812, 975.9154052734375, 967.839111328125, 961.4986572265625, 961.61962890625, 952.845947265625, 952.0558471679688, 943.1512451171875, 942.6681518554688, 944.5326538085938, 934.6356201171875, 930.900634765625, 921.822998046875, 926.6099243164062, 917.1431884765625, 925.552490234375, 915.1121215820312, 921.8820190429688, 917.6961669921875, 913.8726806640625, 911.0770874023438, 911.691162109375, 911.4982299804688, 908.1953125, 909.1054077148438, 901.2106323242188, 908.6398315429688, 906.0661010742188, 897.4584350585938, 898.9699096679688, 902.6830444335938, 902.7949829101562, 906.3607177734375, 900.2302856445312, 907.6453857421875, 905.9935913085938, 899.7926025390625], "test_cost_std": [56.242191314697266, 53.051734924316406, 58.91841506958008, 50.48685836791992, 67.93212890625, 58.903926849365234, 56.21599197387695, 67.09319305419922, 66.44015502929688, 59.9735221862793, 72.56027221679688, 61.99393081665039, 61.7973747253418, 56.207725524902344, 51.01985549926758, 58.01211929321289, 57.59485626220703, 51.370147705078125, 57.5061149597168, 57.98515701293945, 58.59892272949219, 53.42224884033203, 52.84422302246094, 57.83694076538086, 54.26101303100586, 53.67704391479492, 52.694889068603516, 55.796478271484375, 52.31376266479492, 48.11546325683594, 48.11821746826172, 51.221290588378906, 44.70174026489258, 48.376197814941406, 55.31471633911133, 47.9910888671875, 45.33927917480469, 43.988033294677734, 47.33173751831055, 41.10710144042969, 42.832984924316406, 49.77897644042969, 47.05320358276367, 45.97634506225586, 43.186344146728516, 43.61310958862305, 40.23322296142578, 38.28428268432617, 43.43567657470703, 42.34727096557617, 44.73419189453125, 35.43179702758789, 43.06941223144531, 40.284339904785156, 41.3458137512207, 45.1799430847168, 35.52333068847656, 42.47216033935547, 44.31623458862305, 37.55239486694336, 38.18427658081055, 35.32661056518555, 38.78058624267578, 36.19239044189453, 41.45699691772461, 43.700462341308594, 37.611507415771484, 42.318111419677734, 34.7013053894043, 43.2363166809082, 44.37161636352539, 39.56476974487305, 40.43348693847656, 41.22391891479492, 38.414058685302734, 39.78721237182617, 38.10965347290039, 35.31278991699219, 34.89027404785156, 36.468563079833984, 36.19449234008789, 39.09813690185547, 40.77296829223633, 38.483421325683594, 38.50066375732422, 37.80414962768555, 37.59272384643555, 38.25113296508789, 38.311466217041016, 38.99844741821289, 38.0784912109375, 35.22930908203125, 38.142921447753906, 37.1558837890625, 42.88249206542969, 40.203590393066406, 37.994781494140625, 39.05835723876953, 36.040000915527344, 35.05385208129883, 38.351016998291016], "queue_lengths": [[1072.2191162109375, 1.1175075769424438, 931.920166015625, 5.298658847808838, 9.256345748901367, 1.7826476097106934], [1063.9697265625, 1.1235203742980957, 937.2757568359375, 5.381338596343994, 9.593741416931152, 1.6854709386825562], [1075.854736328125, 1.0842880010604858, 934.66259765625, 5.387183666229248, 8.753143310546875, 1.8094902038574219], [1072.4029541015625, 1.0460457801818848, 920.3380737304688, 4.562483310699463, 7.283961296081543, 1.9395513534545898], [1083.13427734375, 0.9704371094703674, 926.8787231445312, 4.209611415863037, 5.915629863739014, 2.205770969390869], [1096.0006103515625, 0.9074558019638062, 935.9776611328125, 4.579463005065918, 4.813849925994873, 2.3703432083129883], [1110.6697998046875, 0.8683991432189941, 927.6207885742188, 3.8717825412750244, 4.044722080230713, 2.9394915103912354], [1111.9268798828125, 0.8355807662010193, 927.970703125, 3.496852159500122, 3.946043014526367, 3.678494930267334], [1118.1253662109375, 0.8394055962562561, 926.2631225585938, 3.035141944885254, 3.5393221378326416, 3.9870049953460693], [1115.5352783203125, 0.8166637420654297, 927.6257934570312, 2.75222110748291, 3.242060661315918, 4.560576438903809], [1113.9840087890625, 0.8015282154083252, 908.9182739257812, 2.822505474090576, 3.3775711059570312, 6.031972885131836], [1098.8001708984375, 0.7925527095794678, 898.1556396484375, 2.6601107120513916, 3.1559863090515137, 6.332896709442139], [1090.1773681640625, 0.7980379462242126, 887.2257690429688, 2.6746625900268555, 3.128427028656006, 6.28785514831543], [1084.1329345703125, 0.7949631214141846, 882.7993774414062, 2.508944511413574, 2.9913697242736816, 6.187600612640381], [1066.8316650390625, 0.8090076446533203, 873.3018188476562, 2.6047122478485107, 3.161898612976074, 6.3450422286987305], [1052.3555908203125, 0.8419674634933472, 861.8329467773438, 2.793884515762329, 3.5826330184936523, 6.591607570648193], [1039.589111328125, 0.8752658367156982, 851.2355346679688, 3.339503526687622, 3.414168119430542, 5.001244068145752], [1028.419189453125, 0.9392774105072021, 844.5192260742188, 3.915285348892212, 3.7913427352905273, 4.338622570037842], [1003.1821899414062, 0.972260057926178, 835.2838134765625, 4.329000949859619, 4.434322357177734, 3.8771331310272217], [980.6242065429688, 1.006283164024353, 812.49365234375, 4.961023807525635, 4.5190582275390625, 3.843733549118042], [967.1478881835938, 1.0292421579360962, 792.2689819335938, 5.30130672454834, 4.666427135467529, 3.9808974266052246], [951.2628173828125, 1.032183289527893, 775.4955444335938, 6.477855682373047, 5.47657585144043, 3.853599786758423], [939.6183471679688, 1.0289438962936401, 763.693115234375, 6.6511125564575195, 5.291839599609375, 4.067620754241943], [927.3934326171875, 1.0319057703018188, 751.9053955078125, 6.810908317565918, 5.4766316413879395, 3.9905648231506348], [915.2447509765625, 1.046074390411377, 740.3661499023438, 6.682248115539551, 6.6437788009643555, 4.000288009643555], [899.6238403320312, 1.0810282230377197, 714.5330200195312, 6.717727184295654, 8.286117553710938, 4.527165412902832], [885.515380859375, 1.1675829887390137, 698.2793579101562, 6.467156887054443, 10.361825942993164, 4.328279495239258], [870.7831420898438, 1.2400227785110474, 680.466064453125, 6.97305965423584, 12.318861961364746, 4.910564422607422], [858.7860107421875, 1.3030885457992554, 661.0242919921875, 6.305974006652832, 13.981225967407227, 5.736872673034668], [845.046875, 1.3166673183441162, 638.8892211914062, 6.922019004821777, 12.875652313232422, 6.7939133644104], [825.6812744140625, 1.4117931127548218, 611.6244506835938, 6.3152313232421875, 14.142158508300781, 8.556021690368652], [814.691650390625, 1.4150636196136475, 592.8323364257812, 7.478790283203125, 13.329157829284668, 11.11843490600586], [801.527587890625, 1.44716215133667, 574.4691162109375, 6.762605667114258, 13.881661415100098, 13.081064224243164], [790.61083984375, 1.4892699718475342, 556.46728515625, 6.458978652954102, 14.141809463500977, 15.6715726852417], [782.0995483398438, 1.5415977239608765, 531.595947265625, 6.977404594421387, 14.67214584350586, 21.41796875], [773.129638671875, 