{"test_cost": [29.57750701904297, 52.839656829833984, 51.87623596191406, 52.96196365356445, 51.15378952026367, 52.025028228759766, 53.947906494140625, 52.2786750793457, 52.699039459228516, 53.235294342041016, 51.474327087402344, 50.246158599853516, 50.932491302490234, 50.950714111328125, 52.888267517089844, 49.994930267333984, 49.0423698425293, 51.391929626464844, 51.654762268066406, 50.22673416137695, 49.69404220581055, 50.11674880981445, 50.10445785522461, 49.42234420776367, 50.240028381347656, 49.9182014465332, 49.82866668701172, 49.670040130615234, 49.68106460571289, 49.381004333496094, 50.3155632019043, 50.726741790771484, 49.41398620605469, 47.17633819580078, 48.92232894897461, 49.641845703125, 46.41127014160156, 49.34303665161133, 50.15522766113281, 48.92036056518555, 48.58195495605469, 49.182960510253906, 48.13844680786133, 49.28181457519531, 48.70708084106445, 46.96383285522461, 49.24534606933594, 48.44765090942383, 49.101436614990234, 46.46763229370117, 46.783660888671875, 49.014156341552734, 46.588497161865234, 46.437896728515625, 48.638301849365234, 48.71406555175781, 47.730525970458984, 49.874515533447266, 47.59385681152344, 48.7972412109375, 48.756919860839844, 48.38984680175781, 48.6447639465332, 48.17702102661133, 48.162559509277344, 48.60067367553711, 49.77593231201172, 50.4559211730957, 47.853763580322266, 47.124717712402344, 47.99874496459961, 48.077491760253906, 47.68734359741211, 49.117431640625, 47.76742172241211, 46.417842864990234, 49.17137145996094, 49.312828063964844, 47.68913269042969, 47.707130432128906, 48.69930648803711, 46.967411041259766, 48.907745361328125, 48.87665939331055, 48.56987380981445, 47.30739212036133, 46.440860748291016, 47.36586380004883, 46.27666091918945, 46.0915641784668, 49.09894561767578, 46.87031173706055, 46.06498718261719, 47.78596496582031, 47.928565979003906, 47.797508239746094, 47.93727111816406, 48.37388610839844, 47.3096809387207, 47.75538635253906, 48.87419891357422], "test_cost_std": [11.199974060058594, 10.851432800292969, 9.51198673248291, 11.565975189208984, 9.515594482421875, 10.200782775878906, 13.099828720092773, 11.029040336608887, 9.905167579650879, 15.003958702087402, 9.781254768371582, 9.04819107055664, 9.042634010314941, 9.790730476379395, 19.782629013061523, 9.891767501831055, 8.887593269348145, 11.797476768493652, 8.316993713378906, 10.616009712219238, 9.75078296661377, 10.008522987365723, 10.713874816894531, 10.266819953918457, 10.5653657913208, 11.433834075927734, 10.208792686462402, 10.713611602783203, 10.475630760192871, 8.920668601989746, 11.271675109863281, 12.173009872436523, 10.45938491821289, 7.276171684265137, 9.933358192443848, 9.57032585144043, 6.7475056648254395, 9.505448341369629, 12.37548828125, 12.465471267700195, 9.696951866149902, 9.923436164855957, 8.796319007873535, 10.964258193969727, 10.31749439239502, 8.791329383850098, 10.629302978515625, 11.598372459411621, 8.852248191833496, 8.571362495422363, 8.443387031555176, 13.62031364440918, 9.435508728027344, 6.994904041290283, 9.051301002502441, 10.740153312683105, 10.094550132751465, 13.005212783813477, 8.91870403289795, 13.572102546691895, 12.982487678527832, 11.397526741027832, 9.411897659301758, 8.988200187683105, 9.951739311218262, 10.73470401763916, 11.608227729797363, 13.153031349182129, 7.690032005310059, 10.899338722229004, 8.766489028930664, 8.399781227111816, 8.87507438659668, 10.039959907531738, 9.089214324951172, 7.763623237609863, 11.79560661315918, 9.905102729797363, 9.624077796936035, 9.64927864074707, 11.630814552307129, 8.801547050476074, 12.382197380065918, 10.248019218444824, 11.444270133972168, 8.604578018188477, 7.515368461608887, 8.848905563354492, 11.177488327026367, 9.025129318237305, 9.428183555603027, 10.174051284790039, 6.91295051574707, 9.753259658813477, 8.852384567260742, 10.22079849243164, 9.745137214660645, 9.627135276794434, 8.938136100769043, 8.576667785644531, 11.578999519348145], "queue_lengths": [[5.7457051277160645, 4.319484710693359, 5.090509414672852, 5.252949237823486, 4.91080379486084, 4.364297389984131], [9.731587409973145, 8.224355697631836, 9.032690048217773, 8.931151390075684, 8.914172172546387, 8.129910469055176], [10.00898551940918, 8.468913078308105, 9.359087944030762, 8.299116134643555, 8.311391830444336, 7.554590225219727], [10.119620323181152, 8.581775665283203, 9.479514122009277, 8.560895919799805, 8.569158554077148, 7.775811672210693], [9.785063743591309, 8.248764038085938, 9.171097755432129, 8.276851654052734, 8.25549030303955, 7.541332244873047], [10.138084411621094, 8.520899772644043, 9.571481704711914, 8.217564582824707, 8.204044342041016, 7.498105049133301], [10.138540267944336, 8.559450149536133, 9.571678161621094, 8.90731143951416, 8.80288314819336, 8.091863632202148], [9.38631820678711, 7.912634372711182, 8.821332931518555, 9.09054183959961, 8.906957626342773, 8.284950256347656], [9.768403053283691, 8.236507415771484, 9.183119773864746, 8.862805366516113, 8.701888084411621, 8.070411682128906], [9.704997062683105, 8.164368629455566, 9.121349334716797, 9.106329917907715, 8.941385269165039, 8.322027206420898], [9.41435432434082, 7.874856472015381, 8.763288497924805, 8.838881492614746, 8.6735258102417, 8.03549575805664], [9.537269592285156, 7.954647064208984, 8.926495552062988, 8.280019760131836, 8.154657363891602, 7.519711494445801], [9.179248809814453, 7.679906845092773, 8.573979377746582, 8.897942543029785, 8.698482513427734, 8.02692985534668], [9.454983711242676, 7.940708160400391, 8.841443061828613, 8.634647369384766, 8.440823554992676, 7.762887954711914], [9.390551567077637, 7.883948802947998, 8.7577486038208, 9.372479438781738, 9.17850112915039, 8.429133415222168], [9.219555854797363, 7.716195583343506, 8.588881492614746, 8.57526969909668, 8.397229194641113, 7.622374057769775], [8.571946144104004, 7.153203010559082, 7.961581230163574, 8.921738624572754, 8.698410034179688, 7.860684871673584], [9.2669095993042, 7.7344865798950195, 8.6011962890625, 9.091143608093262, 8.855524063110352, 7.96677303314209], [9.177528381347656, 7.620045185089111, 8.511363983154297, 9.288370132446289, 9.0403470993042, 8.139354705810547], [9.225011825561523, 7.674675941467285, 8.583069801330566, 8.73218059539795, 8.518887519836426, 7.618628978729248], [8.709211349487305, 7.23552131652832, 8.109820365905762, 9.042325019836426, 8.837834358215332, 7.885668754577637], [8.927495002746582, 7.400894641876221, 8.294014930725098, 9.00119400024414, 8.802665710449219, 7.81479024887085], [9.079635620117188, 7.497111797332764, 8.437274932861328, 8.846073150634766, 8.685098648071289, 7.685164928436279], [8.876511573791504, 7.346362113952637, 8.267845153808594, 8.806907653808594, 8.62380599975586, 7.625450611114502], [9.127177238464355, 7.573713779449463, 8.505437850952148, 8.839666366577148, 8.655866622924805, 7.665600776672363], [8.612000465393066, 7.145780086517334, 8.049725532531738, 9.177977561950684, 9.057984352111816, 8.00233268737793], [9.307967185974121, 7.745319843292236, 8.668614387512207, 8.489052772521973, 8.378653526306152, 7.363691329956055], [9.063911437988281, 7.551363468170166, 8.456297874450684, 8.631421089172363, 8.565051078796387, 7.526505947113037], [8.927447319030762, 7.369948863983154, 8.326412200927734, 8.771539688110352, 8.730851173400879, 7.680405139923096], [8.931877136230469, 7.3811445236206055, 8.338592529296875, 8.646201133728027, 8.617366790771484, 7.589090347290039], [8.963434219360352, 7.422275543212891, 8.376418113708496, 8.92499828338623, 8.914950370788574, 7.836698532104492], [9.371074676513672, 7.777088165283203, 8.792086601257324, 8.64623737335205, 8.655856132507324, 7.608426570892334], [8.840677261352539, 7.314462661743164, 8.318501472473145, 8.686014175415039, 8.722925186157227, 7.655929088592529], [8.992648124694824, 7.406763076782227, 8.454792976379395, 7.7959465980529785, 7.831297397613525, 6.822117805480957], [9.321228981018066, 7.6618781089782715, 8.767291069030762, 8.079540252685547, 8.144474983215332, 7.074379920959473], 