{"test_cost": [17.748977661132812, 18.38099479675293, 17.977413177490234, 18.24441146850586, 18.2004337310791, 17.579265594482422, 17.635974884033203, 17.86211395263672, 17.537851333618164, 17.737821578979492, 17.54273223876953, 17.546445846557617, 17.288110733032227, 17.700159072875977, 17.427522659301758, 17.58238983154297, 17.032997131347656, 17.071413040161133, 16.729394912719727, 16.90106964111328, 16.888940811157227, 17.133113861083984, 16.745582580566406, 16.992137908935547, 16.930152893066406, 17.03659439086914, 17.08232307434082, 17.4046688079834, 17.088533401489258, 17.02159881591797, 17.321453094482422, 17.270509719848633, 17.308399200439453, 17.173046112060547, 17.261493682861328, 17.542804718017578, 17.322181701660156, 17.470617294311523, 17.336898803710938, 17.900346755981445, 17.474346160888672, 17.513521194458008, 17.82586097717285, 17.9206485748291, 17.884105682373047, 17.519617080688477, 17.521804809570312, 17.59316635131836, 17.640893936157227, 17.444271087646484, 17.505434036254883, 17.439393997192383, 17.711772918701172, 17.411008834838867, 17.468708038330078, 17.79551124572754, 17.311185836791992, 17.542692184448242, 17.873355865478516, 17.599288940429688, 17.543140411376953, 17.047075271606445, 17.234275817871094, 17.10611343383789, 17.2224178314209, 17.03915786743164, 17.031600952148438, 17.11507225036621, 17.066349029541016, 17.15043067932129, 17.195951461791992, 16.908809661865234, 17.036975860595703, 17.335006713867188, 17.041278839111328, 17.097755432128906, 17.03179168701172, 17.309494018554688, 16.964401245117188, 17.158044815063477, 17.00658416748047, 17.026859283447266, 17.169858932495117, 17.398088455200195, 17.070249557495117, 17.42052459716797, 17.105836868286133, 17.198694229125977, 17.130590438842773, 17.14472007751465, 17.050090789794922, 17.011327743530273, 17.093730926513672, 17.050086975097656, 17.15754508972168, 16.620121002197266, 16.89063262939453, 16.755504608154297, 16.962657928466797, 17.197500228881836, 17.150737762451172], "test_cost_std": [2.0837886333465576, 2.441084146499634, 2.0723745822906494, 2.478846788406372, 1.951967716217041, 2.123213768005371, 2.723161458969116, 2.1906118392944336, 2.119420051574707, 2.130000591278076, 2.039045810699463, 2.4044244289398193, 2.211799383163452, 2.4681437015533447, 2.0065834522247314, 2.1696979999542236, 2.113947868347168, 1.9494887590408325, 1.885210394859314, 1.9167988300323486, 2.2267680168151855, 2.154033899307251, 1.903528094291687, 2.2765772342681885, 1.8260358572006226, 1.937846064567566, 1.9452635049819946, 1.8102110624313354, 2.0763165950775146, 2.1057615280151367, 1.8967347145080566, 2.2542154788970947, 2.184119939804077, 2.042026996612549, 2.2291259765625, 2.319500684738159, 2.3345985412597656, 2.0669376850128174, 2.0611536502838135, 2.1603145599365234, 2.068131923675537, 2.101503610610962, 2.528428554534912, 2.286248207092285, 2.301464319229126, 1.9811968803405762, 1.9577301740646362, 2.3118274211883545, 2.268120050430298, 1.7611676454544067, 2.28967547416687, 2.317256450653076, 2.049931287765503, 2.100583076477051, 1.9627397060394287, 2.309870481491089, 1.8755078315734863, 2.851386547088623, 2.587148904800415, 3.0479562282562256, 1.9264538288116455, 2.0112698078155518, 2.0182154178619385, 2.205181121826172, 2.0739023685455322, 2.0535218715667725, 2.210416793823242, 2.1381609439849854, 2.4472854137420654, 2.163522958755493, 2.11357045173645, 2.0465192794799805, 1.9355297088623047, 2.3393428325653076, 1.6246907711029053, 1.902423620223999, 1.9977920055389404, 2.6127822399139404, 2.0091049671173096, 2.1830153465270996, 1.9727129936218262, 2.082929849624634, 2.4279046058654785, 2.1745924949645996, 2.1731584072113037, 2.3634531497955322, 2.2094082832336426, 2.1408140659332275, 2.1654622554779053, 1.8338823318481445, 2.3243777751922607, 2.2641375064849854, 2.2230587005615234, 2.1696834564208984, 2.2454144954681396, 1.6790143251419067, 2.152726888656616, 2.043304204940796, 2.6305463314056396, 2.09033465385437, 2.2509093284606934], "queue_lengths": [[4.433610916137695, 8.961821556091309, 4.375323295593262], [4.553260326385498, 9.369125366210938, 4.479954242706299], [4.477242469787598, 9.023782730102539, 4.498271942138672], [4.673129558563232, 9.08289623260498, 4.509246826171875], [4.764406681060791, 9.179701805114746, 4.277410507202148], [4.652203559875488, 8.774720191955566, 4.174317836761475], [4.66290807723999, 8.747794151306152, 4.247286796569824], [4.81379508972168, 8.881296157836914, 4.18927001953125], [4.700957775115967, 8.744787216186523, 4.113696098327637], [4.746121883392334, 8.839595794677734, 4.1735520362854], [4.6703643798828125, 8.668508529663086, 4.225336074829102], [4.58010721206665, 8.782038688659668, 4.206491947174072], [4.649756908416748, 8.509018898010254, 4.151755332946777], [4.831129550933838, 8.642276763916016, 4.2487359046936035], [4.790026664733887, 8.632883071899414, 4.02695369720459], [4.940298080444336, 8.611686706542969, 4.05242395401001], [4.743636131286621, 8.233363151550293, 4.078619480133057], [4.564582347869873, 8.349076271057129, 4.179769039154053], [4.4677653312683105, 7.927310943603516, 4.3570332527160645], [4.523660659790039, 8.039523124694824, 4.360732555389404], [4.586495399475098, 8.033337593078613, 4.291228771209717], [4.748059272766113, 8.086468696594238, 4.3209452629089355], [4.616065502166748, 7.845444202423096, 4.305802822113037], [4.621861457824707, 8.106762886047363, 4.286233901977539], [4.633720874786377, 8.004371643066406, 4.3153862953186035], [4.595040798187256, 8.1823148727417, 4.281641960144043], [4.621371269226074, 8.167192459106445, 4.315805435180664], [4.721487045288086, 8.316449165344238, 4.38914680480957], [4.637165069580078, 8.256254196166992, 4.21722412109375], [4.752450942993164, 8.115850448608398, 4.175323963165283], [4.867351055145264, 8.419964790344238, 4.056992053985596], [4.977087497711182, 8.35164737701416, 3.963902235031128], [4.999110221862793, 8.439613342285156, 3.8930060863494873], [5.08160924911499, 8.282127380371094, 3.8318300247192383], [5.130167007446289, 8.427674293518066, 3.726574182510376], [5.288480758666992, 8.571525573730469, 3.704597234725952], [5.215794563293457, 8.506330490112305, 3.6227855682373047], [5.287258148193359, 8.600774765014648, 3.6045663356781006], [5.294227123260498, 8.467287063598633, 3.59731388092041], [5.4520745277404785, 8.908814430236816, 3.5610151290893555], [5.406116962432861, 8.537671089172363, 3.553051710128784], [5.394860744476318, 8.604231834411621, 3.5376906394958496], [5.551033973693848, 8.730977058410645, 3.5661773681640625], [5.527515411376953, 8.867694854736328, 3.5478954315185547], [5.518442153930664, 8.860097885131836, 3.527418851852417], [5.463350772857666, 8.590129852294922, 3.4888579845428467], [5.474255561828613, 8.580902099609375, 3.488454580307007], [5.380079746246338, 8.772193908691406, 3.4629428386688232], [5.452203273773193, 8.748242378234863, 3.46225643157959], [5.445728778839111, 8.5030517578125, 3.5178635120391846], [5.450809478759766, 8.583257675170898, 3.4935169219970703], [5.529754638671875, 8.480188369750977, 3.4522759914398193], [5.383176326751709, 8.931930541992188, 3.4190218448638916], [5.465676307678223, 8.533971786499023, 3.4336843490600586], [5.452548980712891, 8.611922264099121, 3.426680088043213], [5.575884819030762, 8.752192497253418, 3.490133285522461], [5.327502250671387, 8.523050308227539, 3.4837067127227783], [5.3780837059021, 8.672771453857422, 3.5141353607177734], [5.483803749084473, 8.815743446350098, 3.595989465713501], [5.391705513000488, 8.61477279663086, 3.6144542694091797], [5.3867411613464355, 8.526222229003906, 3.6535983085632324], [5.131658554077148, 8.319358825683594, 3.618828058242798], [5.2260870933532715, 8.333724975585938, 3.6971728801727295], [5.220534801483154, 8.218658447265625, 3.689262628555298], [5.199830532073975, 8.358119010925293, 3.687803268432617], [5.182178974151611, 8.170395851135254, 3.710097551345825], [5.197106838226318, 8.127863883972168, 3.7295620441436768], [5.0975518226623535, 