{"test_cost": [16.501544952392578, 17.485797882080078, 16.723535537719727, 16.364002227783203, 16.710966110229492, 15.882194519042969, 16.39134979248047, 16.353612899780273, 16.52747344970703, 16.202367782592773, 16.663789749145508, 16.29696273803711, 16.174806594848633, 17.08231544494629, 16.493371963500977, 15.273021697998047, 16.78168487548828, 16.16277313232422, 16.443431854248047, 15.675440788269043, 16.696325302124023, 16.22490882873535, 16.539844512939453, 16.090240478515625, 16.568065643310547, 16.900619506835938, 16.172998428344727, 16.01073455810547, 17.200632095336914, 16.33651351928711, 16.289438247680664, 17.260194778442383, 16.72879981994629, 16.35668182373047, 17.038375854492188, 16.857561111450195, 16.180404663085938, 16.752321243286133, 16.399805068969727, 16.946434020996094, 16.699796676635742, 16.57570457458496, 16.616182327270508, 17.338977813720703, 16.730701446533203, 17.047388076782227, 16.99187469482422, 16.499916076660156, 16.469186782836914, 17.047138214111328, 16.29949378967285, 16.92194938659668, 16.88054847717285, 15.703125, 16.394187927246094, 15.933293342590332, 16.160133361816406, 16.092702865600586, 16.316797256469727, 15.779716491699219, 16.19397735595703, 16.198314666748047, 16.02225685119629, 16.587984085083008, 17.102428436279297, 16.10773468017578, 16.059938430786133, 16.72686004638672, 16.712547302246094, 15.729129791259766, 15.637432098388672, 16.823789596557617, 16.225709915161133, 16.02987289428711, 16.254344940185547, 14.85770034790039, 16.83053207397461, 16.448392868041992, 15.814289093017578, 14.95591926574707, 15.58913803100586, 15.569218635559082, 15.922682762145996, 15.993339538574219, 16.279626846313477, 15.810019493103027, 15.668176651000977, 15.799635887145996, 15.582962989807129, 15.4219970703125, 14.936620712280273, 15.022819519042969, 15.782881736755371, 15.448522567749023, 16.33262825012207, 16.591262817382812, 15.66247844696045, 16.50393295288086, 16.079187393188477, 15.327832221984863, 16.62993812561035], "test_cost_std": [5.057285308837891, 6.381455421447754, 4.885035991668701, 4.465412616729736, 4.023970127105713, 3.764268159866333, 5.997040271759033, 5.222020626068115, 4.484763145446777, 4.44864559173584, 5.584166526794434, 5.245506286621094, 5.0527024269104, 5.187018394470215, 6.062901973724365, 3.5955755710601807, 6.085847854614258, 5.128943920135498, 3.753842353820801, 4.850240230560303, 5.632358551025391, 3.825592517852783, 4.7585530281066895, 3.8657684326171875, 4.254639148712158, 5.26870059967041, 5.156381130218506, 4.517276287078857, 5.142238140106201, 4.789940357208252, 4.4654974937438965, 7.368659973144531, 5.480178356170654, 5.480826377868652, 6.176048278808594, 5.153527736663818, 4.584691047668457, 4.212644100189209, 4.721107482910156, 5.285935878753662, 5.015760898590088, 5.3314104080200195, 4.529160022735596, 6.652485370635986, 5.382882595062256, 5.357853412628174, 5.741927623748779, 4.567570209503174, 5.385375022888184, 6.252353191375732, 4.421240329742432, 7.025619029998779, 5.951921463012695, 4.36519193649292, 4.828252792358398, 5.464334487915039, 5.935115814208984, 5.383155345916748, 4.599459171295166, 4.521140098571777, 5.658366680145264, 4.739462852478027, 4.670378684997559, 5.806768894195557, 6.573276042938232, 6.238995552062988, 4.058772563934326, 5.576887130737305, 5.706648349761963, 5.780427932739258, 5.338994979858398, 5.682561874389648, 5.828149318695068, 4.127894401550293, 6.319736003875732, 3.6668357849121094, 6.1135454177856445, 4.8632402420043945, 4.350849151611328, 4.265412330627441, 4.147567272186279, 3.79923677444458, 5.669060230255127, 5.746425628662109, 4.207543849945068, 4.452398777008057, 4.344691276550293, 4.58013391494751, 4.74614953994751, 4.139139652252197, 3.805056095123291, 3.440303325653076, 4.428831577301025, 4.684543609619141, 4.847701072692871, 5.037097930908203, 4.248509883880615, 6.699627876281738, 5.446592330932617, 4.195774555206299, 6.249200820922852], "queue_lengths": [[5.603700637817383, 0.8726710677146912, 1.6565121412277222, 3.4331777095794678, 4.444730758666992, 0.5966508388519287], [5.6063313484191895, 0.8792456984519958, 1.6883960962295532, 3.703015089035034, 5.1092729568481445, 0.6011381149291992], [5.383937835693359, 0.8761274814605713, 1.682402491569519, 3.42086124420166, 4.875952243804932, 0.5863000750541687], [5.316180229187012, 0.8544085621833801, 1.6904622316360474, 3.3670902252197266, 4.636588096618652, 0.6028760671615601], [5.5268964767456055, 0.85735684633255, 1.713181972503662, 3.335988998413086, 4.784231185913086, 0.5968707203865051], [5.172921180725098, 0.8467832207679749, 1.61012601852417, 3.352109909057617, 4.413093090057373, 0.5916519165039062], [4.983442783355713, 0.8149420022964478, 1.5483053922653198, 3.4602789878845215, 5.1052327156066895, 0.5823476910591125], [5.633522987365723, 0.8311682939529419, 1.5242458581924438, 3.4461355209350586, 4.430254936218262, 0.592510461807251], [5.688333511352539, 0.8216816782951355, 1.5272717475891113, 3.6888816356658936, 4.2961106300354, 0.607764482498169], [5.243520736694336, 0.812483549118042, 1.50913405418396, 3.6952056884765625, 4.444647312164307, 0.600900411605835], [5.8750104904174805, 0.8206270337104797, 1.425435185432434, 3.8290767669677734, 4.219101428985596, 0.5979458093643188], [5.740197658538818, 0.8267648816108704, 1.4983197450637817, 3.7044622898101807, 4.038360118865967, 0.5937005877494812], [5.423409938812256, 0.8130635023117065, 1.491286039352417, 3.7519567012786865, 4.1997175216674805, 0.5998898148536682], [5.661907196044922, 0.8279092311859131, 1.5445476770401, 4.098884105682373, 4.441824436187744, 0.6083890795707703], [5.2217302322387695, 0.7905027270317078, 1.4754223823547363, 4.2460551261901855, 4.264791488647461, 0.5999413728713989], [5.286865711212158, 0.7982472777366638, 1.4405796527862549, 3.5903024673461914, 3.661072015762329, 0.5990748405456543], [5.72169303894043, 0.7902434468269348, 1.4074904918670654, 4.2153143882751465, 4.146992206573486, 0.602057933807373], [5.504206657409668, 0.793001651763916, 1.410105586051941, 4.031189918518066, 3.9279491901397705, 0.5994670391082764], [5.703641891479492, 0.7993804812431335, 1.3739873170852661, 4.246588230133057, 3.8229095935821533, 0.5996474027633667], [5.402502059936523, 0.8100478649139404, 1.346523404121399, 4.083639144897461, 3.543672800064087, 0.5911694169044495], [5.751735687255859, 0.8275247812271118, 1.3741525411605835, 4.529428482055664, 3.720945358276367, 0.5946774482727051], [5.529879093170166, 0.8470094203948975, 1.3152003288269043, 4.316694736480713, 3.7312405109405518, 0.5876681804656982], [5.525815486907959, 0.8631370067596436, 1.33052396774292, 4.313336372375488, 4.013241767883301, 0.5959338545799255], [5.394158840179443, 0.8727303147315979, 1.3272597789764404, 4.102549076080322, 3.899711847305298, 0.5956481099128723], [5.904538631439209, 0.8749278783798218, 1.3197622299194336, 4.010951995849609, 3.9713830947875977, 0.5872571468353271], [5.72445011138916, 0.8312614560127258, 1.289368748664856, 4.227322101593018, 4.34882926940918, 0.5838993787765503], [5.810708522796631, 0.8471099138259888, 1.2334184646606445, 3.690655469894409, 4.111312389373779, 0.5816846489906311], [5.511185169219971, 0.828331470489502, 1.2384642362594604, 3.5083703994750977, 4.4521484375, 0.5748568177223206], [6.008880615234375, 0.8179446458816528, 1.2185617685317993, 3.625246286392212, 5.058248996734619, 0.5729115605354309], [5.925314426422119, 0.8362358808517456, 1.1932759284973145, 3.399540424346924, 4.512833118438721, 0.5712825655937195], [5.603264331817627, 0.8309481143951416, 1.1586182117462158, 3.327204942703247, 4.896643161773682, 0.5744349956512451], [5.898893356323242, 0.8406540155410767, 1.1421937942504883, 3.45147705078125, 5.446951389312744, 0.5822443962097168], [5.627008438110352, 0.8369043469429016, 1.091209888458252, 3.4799375534057617, 5.219897270202637, 0.5762321949005127], [5.674761772155762, 0.8553681969642639, 1.0824217796325684, 3.325329542160034, 4.951580047607422, 0.5713094472885132], 