{
  "criss_cross_bh": {
    "epochs_total": 100,
    "polyak_window_epochs": 50,
    "eval_batch": 100,
    "eval_T": 50000,
    "last_iterate_cost": 7933.38330078125,
    "polyak_avg_cost": 7906.703125,
    "diff_pct": -0.33630261856404486,
    "eval_time_s": 69.88167333602905
  },
  "reentrant_2": {
    "epochs_total": 100,
    "polyak_window_epochs": 50,
    "eval_batch": 100,
    "eval_T": 50000,
    "last_iterate_cost": 24817.904296875,
    "polyak_avg_cost": 24729.32421875,
    "diff_pct": -0.3569200568484493,
    "eval_time_s": 75.50317096710205
  },
  "reentrant_3": {
    "epochs_total": 100,
    "polyak_window_epochs": 50,
    "eval_batch": 100,
    "eval_T": 50000,
    "last_iterate_cost": 24965.720703125,
    "polyak_avg_cost": 12495.3154296875,
    "diff_pct": -49.950111281492305,
    "eval_time_s": 80.11119079589844
  },
  "reentrant_4": {
    "epochs_total": 100,
    "polyak_window_epochs": 50,
    "eval_batch": 100,
    "eval_T": 50000,
    "last_iterate_cost": 4171.6669921875,
    "polyak_avg_cost": 4169.22900390625,
    "diff_pct": -0.05844158428311149,
    "eval_time_s": 85.788076877594
  },
  "reentrant_5": {
    "epochs_total": 100,
    "polyak_window_epochs": 50,
    "eval_batch": 100,
    "eval_T": 50000,
    "last_iterate_cost": 8331.001953125,
    "polyak_avg_cost": 12431.0703125,
    "diff_pct": 49.2145888627123,
    "eval_time_s": 94.27588677406311
  },
  "reentrant_6": {
    "epochs_total": 100,
    "polyak_window_epochs": 50,
    "eval_batch": 100,
    "eval_T": 50000,
    "last_iterate_cost": 24841.1484375,
    "polyak_avg_cost": 24844.25,
    "diff_pct": 0.012485584182242982,
    "eval_time_s": 104.39319133758545
  },
  "reentrant_7": {
    "epochs_total": 100,
    "polyak_window_epochs": 50,
    "eval_batch": 100,
    "eval_T": 50000,
    "last_iterate_cost": 21213.482421875,
    "polyak_avg_cost": 24889.53515625,
    "diff_pct": 17.328850875442843,
    "eval_time_s": 115.64328455924988
  },
  "reentrant_8": {
    "epochs_total": 100,
    "polyak_window_epochs": 50,
    "eval_batch": 100,
    "eval_T": 50000,
    "last_iterate_cost": 21318.1953125,
    "polyak_avg_cost": 24627.826171875,
    "diff_pct": 15.524911048330559,
    "eval_time_s": 102.44894099235535
  },
  "reentrant_9": {
    "epochs_total": 100,
    "polyak_window_epochs": 50,
    "eval_batch": 100,
    "eval_T": 50000,
    "last_iterate_cost": 24904.41796875,
    "polyak_avg_cost": 24867.791015625,
    "diff_pct": -0.14707010286672592,
    "eval_time_s": 117.1822497844696
  },
  "reentrant_10": {
    "epochs_total": 100,
    "polyak_window_epochs": 50,
    "eval_batch": 100,
    "eval_T": 50000,
    "last_iterate_cost": 11603.234375,
    "polyak_avg_cost": 8241.341796875,
    "diff_pct": -28.973753950609137,
    "eval_time_s": 129.99665999412537
  }
}