{
  "pathwise": {
    "1.0": {
      "mean": 10.599720811843872,
      "std": 0.3646319740637073,
      "costs": [
        11.2091064453125,
        10.199219703674316,
        10.863227844238281,
        11.137430191040039,
        10.115909576416016,
        10.863227844238281,
        10.863227844238281,
        10.115909576416016,
        10.743795394897461,
        10.561371803283691,
        10.863227844238281,
        10.115909576416016,
        10.743795394897461,
        10.456276893615723,
        10.115909576416016,
        10.743795394897461,
        10.351139068603516,
        10.115909576416016,
        11.07223129272461,
        10.743795394897461
      ]
    },
    "0.5": {
      "mean": 11.748799228668213,
      "std": 0.4192043990714512,
      "costs": [
        12.069908142089844,
        11.159873962402344,
        11.539484977722168,
        11.521038055419922,
        12.069908142089844,
        12.445442199707031,
        12.105510711669922,
        12.057538986206055,
        11.543911933898926,
        11.04125690460205,
        11.556574821472168,
        12.069908142089844,
        11.292481422424316,
        11.501901626586914,
        12.562386512756348,
        11.521038055419922,
        11.2769193649292,
        12.170016288757324,
        11.949846267700195,
        11.521038055419922
      ]
    },
    "0.01": {
      "mean": 18.014380645751952,
      "std": 0.6737962217401235,
      "costs": [
        16.973270416259766,
        18.17389678955078,
        17.463232040405273,
        18.397554397583008,
        17.270959854125977,
        18.177398681640625,
        18.58275032043457,
        19.206668853759766,
        18.06904411315918,
        17.07016372680664,
        19.0769100189209,
        17.653837203979492,
        19.497241973876953,
        17.6668643951416,
        18.004863739013672,
        17.83469009399414,
        17.50094223022461,
        17.49530601501465,
        17.814529418945312,
        18.35748863220215
      ]
    }
  },
  "reinforce": {
    "1.0": {
      "mean": 10.865025520324707,
      "std": 0.38189218406699005,
      "costs": [
        10.641946792602539,
        11.2091064453125,
        10.115909576416016,
        11.10479736328125,
        11.504859924316406,
        10.720423698425293,
        10.371441841125488,
        10.638155937194824,
        11.391002655029297,
        11.19177532196045,
        11.244429588317871,
        10.905969619750977,
        11.344644546508789,
        10.483072280883789,
        10.602680206298828,
        10.933335304260254,
        10.546945571899414,
        11.148161888122559,
        10.371441841125488,
        10.83041000366211
      ]
    },
    "0.5": {
      "mean": 11.6431649684906,
      "std": 0.38169625943604973,
      "costs": [
        11.488629341125488,
        11.776568412780762,
        11.767616271972656,
        12.268223762512207,
        11.04125690460205,
        12.455862045288086,
        11.671390533447266,
        11.239728927612305,
        11.784878730773926,
        11.136866569519043,
        11.275605201721191,
        12.170016288757324,
        11.96049690246582,
        11.4495849609375,
        11.429327011108398,
        11.567131042480469,
        11.609383583068848,
        11.269164085388184,
        12.094799995422363,
        11.406768798828125
      ]
    },
    "0.01": {
      "mean": 17.86077995300293,
      "std": 0.706066310728549,
      "costs": [
        19.44953155517578,
        17.473892211914062,
        17.161865234375,
        17.926603317260742,
        19.018529891967773,
        18.92898178100586,
        17.11758804321289,
        18.125869750976562,
        17.620216369628906,
        18.39698600769043,
        17.488109588623047,
        17.84894371032715,
        17.75040626525879,
        17.126079559326172,
        17.72597885131836,
        18.8193302154541,
        17.465185165405273,
        17.159923553466797,
        16.824735641479492,
        17.786842346191406
      ]
    }
  },
  "timestamp": "2026-04-11 01:32:15"
}