{
  "analytical": 9.000000000000002,
  "simulated": 9.028234481811523,
  "error_pct": 0.3137164645724628,
  "pass": true
}