{
  "criss_cross_bh": {
    "cmu_mean": 17.764970779418945,
    "cmu_std": 2.381948232650757,
    "ste_mean": 15.428431510925293,
    "ste_std": 1.7411240339279175,
    "improvement_pct": 13.152508368888382,
    "eval_batch": 100,
    "eval_T": 50000
  },
  "reentrant_2": {
    "cmu_mean": 17.790454864501953,
    "cmu_std": 3.2227048873901367,
    "ste_mean": 16.581687927246094,
    "ste_std": 2.2043509483337402,
    "improvement_pct": 6.794468980485504,
    "eval_batch": 100,
    "eval_T": 50000
  },
  "reentrant_3": {
    "cmu_mean": 23.809188842773438,
    "cmu_std": 4.165407657623291,
    "ste_mean": 22.239913940429688,
    "ste_std": 3.506802797317505,
    "improvement_pct": 6.591047316675201,
    "eval_batch": 100,
    "eval_T": 50000
  },
  "reentrant_4": {
    "cmu_mean": 32.599456787109375,
    "cmu_std": 6.4973368644714355,
    "ste_mean": 30.091880798339844,
    "ste_std": 4.683543682098389,
    "improvement_pct": 7.692079058694894,
    "eval_batch": 100,
    "eval_T": 50000
  },
  "reentrant_5": {
    "cmu_mean": 38.70539855957031,
    "cmu_std": 7.353724002838135,
    "ste_mean": 37.35272979736328,
    "ste_std": 5.830020427703857,
    "improvement_pct": 3.494780605669722,
    "eval_batch": 100,
    "eval_T": 50000
  },
  "reentrant_6": {
    "cmu_mean": 48.51308059692383,
    "cmu_std": 11.240030288696289,
    "ste_mean": 47.73064422607422,
    "ste_std": 9.797801971435547,
    "improvement_pct": 1.6128358810081893,
    "eval_batch": 100,
    "eval_T": 50000
  },
  "reentrant_7": {
    "cmu_mean": 52.2801399230957,
    "cmu_std": 10.747537612915039,
    "ste_mean": 52.64639663696289,
    "ste_std": 8.756336212158203,
    "improvement_pct": -0.7005656725593172,
    "eval_batch": 100,
    "eval_T": 50000
  },
  "reentrant_8": {
    "cmu_mean": 62.49079132080078,
    "cmu_std": 14.25095272064209,
    "ste_mean": 55.959739685058594,
    "ste_std": 9.889422416687012,
    "improvement_pct": 10.451222488469677,
    "eval_batch": 100,
    "eval_T": 50000
  },
  "reentrant_9": {
    "cmu_mean": 65.28365325927734,
    "cmu_std": 13.082796096801758,
    "ste_mean": 65.94843292236328,
    "ste_std": 12.38161849975586,
    "improvement_pct": -1.0182942128647907,
    "eval_batch": 100,
    "eval_T": 50000
  },
  "reentrant_10": {
    "cmu_mean": 70.09058380126953,
    "cmu_std": 13.300458908081055,
    "ste_mean": 69.73889923095703,
    "ste_std": 11.893871307373047,
    "improvement_pct": 0.5017572279175824,
    "eval_batch": 100,
    "eval_T": 50000
  }
}