{
  "criss_cross_bh": {
    "cmu_mean": 17.764970779418945,
    "cmu_std": 2.381948232650757,
    "ste_mean": 15.056604385375977,
    "ste_std": 1.8439946174621582,
    "improvement_pct": 15.245543759524008,
    "eval_batch": 100,
    "eval_T": 50000
  },
  "reentrant_2": {
    "cmu_mean": 17.790454864501953,
    "cmu_std": 3.2227048873901367,
    "ste_mean": 43.335994720458984,
    "ste_std": 12.271526336669922,
    "improvement_pct": -143.59126874787856,
    "eval_batch": 100,
    "eval_T": 50000
  },
  "reentrant_3": {
    "cmu_mean": 23.809188842773438,
    "cmu_std": 4.165407657623291,
    "ste_mean": 22.078927993774414,
    "ste_std": 3.4926371574401855,
    "improvement_pct": 7.267197805120489,
    "eval_batch": 100,
    "eval_T": 50000
  },
  "reentrant_4": {
    "cmu_mean": 32.599456787109375,
    "cmu_std": 6.4973368644714355,
    "ste_mean": 101.74964141845703,
    "ste_std": 24.168691635131836,
    "improvement_pct": -212.12066533173441,
    "eval_batch": 100,
    "eval_T": 50000
  },
  "reentrant_5": {
    "cmu_mean": 38.70539855957031,
    "cmu_std": 7.353724002838135,
    "ste_mean": 37.934959411621094,
    "ste_std": 6.1463470458984375,
    "improvement_pct": 1.9905211588596847,
    "eval_batch": 100,
    "eval_T": 50000
  },
  "reentrant_6": {
    "cmu_mean": 48.51308059692383,
    "cmu_std": 11.240030288696289,
    "ste_mean": 109.55622863769531,
    "ste_std": 31.623315811157227,
    "improvement_pct": -125.82822465543897,
    "eval_batch": 100,
    "eval_T": 50000
  },
  "reentrant_7": {
    "cmu_mean": 52.2801399230957,
    "cmu_std": 10.747537612915039,
    "ste_mean": 64.78189849853516,
    "ste_std": 12.157523155212402,
    "improvement_pct": -23.913016671014255,
    "eval_batch": 100,
    "eval_T": 50000
  },
  "reentrant_8": {
    "cmu_mean": 62.49079132080078,
    "cmu_std": 14.25095272064209,
    "ste_mean": 183.03985595703125,
    "ste_std": 47.02471923828125,
    "improvement_pct": -192.90692610593382,
    "eval_batch": 100,
    "eval_T": 50000
  },
  "reentrant_9": {
    "cmu_mean": 65.28365325927734,
    "cmu_std": 13.082796096801758,
    "ste_mean": 188.90313720703125,
    "ste_std": 41.459197998046875,
    "improvement_pct": -189.35748503042998,
    "eval_batch": 100,
    "eval_T": 50000
  },
  "reentrant_10": {
    "cmu_mean": 70.09058380126953,
    "cmu_std": 13.300458908081055,
    "ste_mean": 104.30789947509766,
    "ste_std": 24.65851402282715,
    "improvement_pct": -48.81870547810783,
    "eval_batch": 100,
    "eval_T": 50000
  }
}