{
  "criss_cross_bh": {
    "cmu_mean": 17.764970779418945,
    "cmu_std": 2.381948232650757,
    "ste_mean": 15.863886833190918,
    "ste_std": 1.6117764711380005,
    "improvement_pct": 10.701306350756676,
    "eval_batch": 100,
    "eval_T": 50000
  },
  "reentrant_2": {
    "cmu_mean": 17.790454864501953,
    "cmu_std": 3.2227048873901367,
    "ste_mean": 22.448328018188477,
    "ste_std": 3.6379103660583496,
    "improvement_pct": -26.181866563628876,
    "eval_batch": 100,
    "eval_T": 50000
  },
  "reentrant_3": {
    "cmu_mean": 23.809188842773438,
    "cmu_std": 4.165407657623291,
    "ste_mean": 22.206865310668945,
    "ste_std": 3.0465950965881348,
    "improvement_pct": 6.7298535144796805,
    "eval_batch": 100,
    "eval_T": 50000
  },
  "reentrant_4": {
    "cmu_mean": 32.599456787109375,
    "cmu_std": 6.4973368644714355,
    "ste_mean": 77.76891326904297,
    "ste_std": 20.58440589904785,
    "improvement_pct": -138.55892377873826,
    "eval_batch": 100,
    "eval_T": 50000
  },
  "reentrant_5": {
    "cmu_mean": 38.70539855957031,
    "cmu_std": 7.353724002838135,
    "ste_mean": 52.16010284423828,
    "ste_std": 10.703946113586426,
    "improvement_pct": -34.761828544305615,
    "eval_batch": 100,
    "eval_T": 50000
  },
  "reentrant_6": {
    "cmu_mean": 48.51308059692383,
    "cmu_std": 11.240030288696289,
    "ste_mean": 85.16358184814453,
    "ste_std": 17.666290283203125,
    "improvement_pct": -75.54766838192641,
    "eval_batch": 100,
    "eval_T": 50000
  },
  "reentrant_7": {
    "cmu_mean": 52.2801399230957,
    "cmu_std": 10.747537612915039,
    "ste_mean": 64.60894775390625,
    "ste_std": 12.831666946411133,
    "improvement_pct": -23.582201288952696,
    "eval_batch": 100,
    "eval_T": 50000
  },
  "reentrant_8": {
    "cmu_mean": 62.49079132080078,
    "cmu_std": 14.25095272064209,
    "ste_mean": 105.04029083251953,
    "ste_std": 21.81498146057129,
    "improvement_pct": -68.08923140897346,
    "eval_batch": 100,
    "eval_T": 50000
  },
  "reentrant_9": {
    "cmu_mean": 65.28365325927734,
    "cmu_std": 13.082796096801758,
    "ste_mean": 84.09501647949219,
    "ste_std": 15.388649940490723,
    "improvement_pct": -28.81481394048914,
    "eval_batch": 100,
    "eval_T": 50000
  },
  "reentrant_10": {
    "cmu_mean": 70.09058380126953,
    "cmu_std": 13.300458908081055,
    "ste_mean": 97.19012451171875,
    "ste_std": 16.430540084838867,
    "improvement_pct": -38.663596792524324,
    "eval_batch": 100,
    "eval_T": 50000
  }
}