{
  "0.8": {
    "rho": 0.8,
    "gap": 0.19999999999999996,
    "analytical_grad": -20.00000000000001,
    "pw_mean": -17.386946781050312,
    "pw_var": 93.92784534733106,
    "rf_mean": -13.911764675696585,
    "rf_var": 4150.358117701385,
    "ratio": 44.186663734848636,
    "time": 0.1669924259185791
  },
  "0.85": {
    "rho": 0.85,
    "gap": 0.15000000000000002,
    "analytical_grad": -37.777777777777764,
    "pw_mean": -30.855840876183464,
    "pw_var": 430.59543614951514,
    "rf_mean": -21.82377950552557,
    "rf_var": 8545.177635438724,
    "ratio": 19.845026022225632,
    "time": 0.1729259490966797
  },
  "0.9": {
    "rho": 0.9,
    "gap": 0.09999999999999998,
    "analytical_grad": -90.00000000000004,
    "pw_mean": -63.21906977957618,
    "pw_var": 2438.7653481653406,
    "rf_mean": -33.20234917370335,
    "rf_var": 14968.231920752089,
    "ratio": 6.1376269480015955,
    "time": 0.1446070671081543
  },
  "0.92": {
    "rho": 0.92,
    "gap": 0.07999999999999996,
    "analytical_grad": -143.75000000000014,
    "pw_mean": -85.4378163433983,
    "pw_var": 4735.361955876895,
    "rf_mean": -37.32855113957972,
    "rf_var": 17154.274274423813,
    "ratio": 3.622589874705192,
    "time": 0.16136932373046875
  },
  "0.94": {
    "rho": 0.94,
    "gap": 0.06000000000000005,
    "analytical_grad": -261.11111111111063,
    "pw_mean": -117.5561219207109,
    "pw_var": 9024.069920976954,
    "rf_mean": -39.79723751010485,
    "rf_var": 18904.48591543813,
    "ratio": 2.094895771085904,
    "time": 0.13882136344909668
  },
  "0.95": {
    "rho": 0.95,
    "gap": 0.050000000000000044,
    "analytical_grad": -379.9999999999993,
    "pw_mean": -135.25538545784786,
    "pw_var": 10641.273680793553,
    "rf_mean": -40.266206663634456,
    "rf_var": 19601.4500071776,
    "ratio": 1.842021039507355,
    "time": 0.12313318252563477
  },
  "0.96": {
    "rho": 0.96,
    "gap": 0.040000000000000036,
    "analytical_grad": -599.9999999999989,
    "pw_mean": -158.88504795852555,
    "pw_var": 13618.010080687884,
    "rf_mean": -40.154465121668984,
    "rf_var": 20112.664597800158,
    "ratio": 1.4769165596611316,
    "time": 0.11816024780273438
  },
  "0.97": {
    "rho": 0.97,
    "gap": 0.030000000000000027,
    "analytical_grad": -1077.7777777777758,
    "pw_mean": -183.52645061593108,
    "pw_var": 16732.6688559025,
    "rf_mean": -38.76859911490795,
    "rf_var": 20455.188335799612,
    "ratio": 1.2224701577467711,
    "time": 0.11601734161376953
  },
  "0.98": {
    "rho": 0.98,
    "gap": 0.020000000000000018,
    "analytical_grad": -2449.9999999999955,
    "pw_mean": -210.2553341299673,
    "pw_var": 20250.762969739422,
    "rf_mean": -36.659870267633885,
    "rf_var": 20839.23368994054,
    "ratio": 1.0290591876010038,
    "time": 0.1175086498260498
  },
  "0.99": {
    "rho": 0.99,
    "gap": 0.010000000000000009,
    "analytical_grad": -9899.999999999982,
    "pw_mean": -237.2864941726447,
    "pw_var": 22440.88089068734,
    "rf_mean": -33.91243553824047,
    "rf_var": 21276.773133005612,
    "ratio": 0.948125576560374,
    "time": 0.11868834495544434
  },
  "fit": {
    "pw_slope": -1.7322789782954686,
    "rf_slope": -0.4473500361457418,
    "predicted_pw_slope": -3,
    "predicted_rf_slope": -4
  }
}