{
  "0.8": {
    "rho": 0.8,
    "gap": 0.19999999999999996,
    "analytical_grad": -20.00000000000001,
    "pw_mean": -19.234566617374842,
    "pw_var": 14.450861887468644,
    "rf_mean": -19.071149375177882,
    "rf_var": 7785.235896387321,
    "ratio": 538.7385165682364,
    "time": 4.373489141464233
  },
  "0.85": {
    "rho": 0.85,
    "gap": 0.15000000000000002,
    "analytical_grad": -37.777777777777764,
    "pw_mean": -36.84272292130619,
    "pw_var": 94.70552121882359,
    "rf_mean": -46.958178220792306,
    "rf_var": 61506.22170535597,
    "ratio": 649.4470534958742,
    "time": 3.748126983642578
  },
  "0.9": {
    "rho": 0.9,
    "gap": 0.09999999999999998,
    "analytical_grad": -90.00000000000004,
    "pw_mean": -88.12702607572076,
    "pw_var": 1301.5960093014833,
    "rf_mean": -100.1255733190651,
    "rf_var": 125948.27258996406,
    "ratio": 96.7644888966398,
    "time": 3.652669668197632
  },
  "0.92": {
    "rho": 0.92,
    "gap": 0.07999999999999996,
    "analytical_grad": -143.75000000000014,
    "pw_mean": -139.57798680340133,
    "pw_var": 4644.333746010425,
    "rf_mean": -129.83357851382377,
    "rf_var": 154201.2541790627,
    "ratio": 33.20201833288244,
    "time": 3.767228126525879
  },
  "0.94": {
    "rho": 0.94,
    "gap": 0.06000000000000005,
    "analytical_grad": -261.11111111111063,
    "pw_mean": -244.00842890661164,
    "pw_var": 24393.0487841496,
    "rf_mean": -158.7004292688924,
    "rf_var": 179340.61162360766,
    "ratio": 7.352119581712217,
    "time": 4.3641674518585205
  },
  "0.95": {
    "rho": 0.95,
    "gap": 0.050000000000000044,
    "analytical_grad": -379.9999999999993,
    "pw_mean": -348.1408308776458,
    "pw_var": 69562.02861340098,
    "rf_mean": -168.39848481418787,
    "rf_var": 185482.20940663124,
    "ratio": 2.666428985811643,
    "time": 4.347625017166138
  },
  "0.96": {
    "rho": 0.96,
    "gap": 0.040000000000000036,
    "analytical_grad": -599.9999999999989,
    "pw_mean": -517.8142268242209,
    "pw_var": 207033.56933744048,
    "rf_mean": -174.27031650276606,
    "rf_var": 187868.08554244484,
    "ratio": 0.9074281342087179,
    "time": 3.661529779434204
  },
  "0.97": {
    "rho": 0.97,
    "gap": 0.030000000000000027,
    "analytical_grad": -1077.7777777777758,
    "pw_mean": -796.365115736225,
    "pw_var": 508061.71606264164,
    "rf_mean": -175.59551546070813,
    "rf_var": 188890.04946407245,
    "ratio": 0.3717856384218944,
    "time": 4.33944296836853
  },
  "0.98": {
    "rho": 0.98,
    "gap": 0.020000000000000018,
    "analytical_grad": -2449.9999999999955,
    "pw_mean": -1233.7035951564237,
    "pw_var": 1038379.154002151,
    "rf_mean": -172.67014072181112,
    "rf_var": 189707.57638631464,
    "ratio": 0.18269586369789706,
    "time": 4.381446123123169
  },
  "0.99": {
    "rho": 0.99,
    "gap": 0.010000000000000009,
    "analytical_grad": -9899.999999999982,
    "pw_mean": -1854.619281961148,
    "pw_var": 1679742.1551968413,
    "rf_mean": -164.05524075505573,
    "rf_var": 191522.70737162326,
    "ratio": 0.11401911107552075,
    "time": 4.474130153656006
  },
  "fit": {
    "pw_slope_all": -4.133474979092176,
    "rf_slope_all": -0.7634319394925445,
    "pw_slope_heavy": -1.8664176038912157,
    "rf_slope_heavy": -0.0176975496672923,
    "predicted_pw_slope": -3,
    "predicted_rf_slope": -4,
    "T": 10000,
    "num_trials": 1000
  }
}